{"cameraMode":{"drawMode":0,"name":"Shaded","section":"Shading Mode"},"sceneLighting":true,"audioPlay":false,"sceneViewState":{"m_AlwaysRefresh":false,"showFog":true,"showSkybox":true,"showFlares":true,"showImageEffects":true,"showParticleSystems":true,"showVisualEffectGraphs":true,"m_FxEnabled":true},"in2DMode":false,"pivot":{"x":12.948219299316407,"y":1.7760000228881837,"z":1.8309999704360963},"rotation":{"x":0.2936282455921173,"y":0.6473186612129211,"z":-0.2983947694301605,"w":0.6377909183502197},"size":15.201677322387696,"orthographic":true}