{"cameraMode":{"drawMode":0,"name":"Shaded","section":"Shading Mode"},"sceneLighting":true,"audioPlay":false,"sceneViewState":{"m_AlwaysRefresh":false,"showFog":true,"showSkybox":true,"showFlares":true,"showImageEffects":true,"showParticleSystems":true,"showVisualEffectGraphs":true,"m_FxEnabled":true},"in2DMode":false,"pivot":{"x":12.260000228881836,"y":2.6600000858306886,"z":-1.7100000381469727},"rotation":{"x":-0.32284873723983767,"y":-0.5367953181266785,"z":0.23144026100635529,"w":-0.7449772953987122},"size":3.9105029106140138,"orthographic":true}